<?xml version="1.0" encoding="UTF-8"?>
<GenRun Id="impl_1" LaunchPart="xc7a100tcsg324-1" LaunchTime="1704028152">
  <File Type="ROUTE-PWR" Name="clock_power_routed.rpt"/>
  <File Type="PA-TCL" Name="clock.tcl"/>
  <File Type="ROUTE-PWR-SUM" Name="clock_power_summary_routed.pb"/>
  <File Type="REPORTS-TCL" Name="clock_reports.tcl"/>
  <File Type="OPT-RQA-PB" Name="clock_rqa_opted.pb"/>
  <File Type="BITSTR-MMI" Name="clock.mmi"/>
  <File Type="OPT-METHODOLOGY-DRC" Name="clock_methodology_drc_opted.rpt"/>
  <File Type="INIT-TIMING" Name="clock_timing_summary_init.rpt"/>
  <File Type="OPT-TIMING" Name="clock_timing_summary_opted.rpt"/>
  <File Type="OPT-DCP" Name="clock_opt.dcp"/>
  <File Type="OPT-DRC" Name="clock_drc_opted.rpt"/>
  <File Type="OPT-HWDEF" Name="clock.hwdef"/>
  <File Type="PWROPT-DCP" Name="clock_pwropt.dcp"/>
  <File Type="PWROPT-DRC" Name="clock_drc_pwropted.rpt"/>
  <File Type="PWROPT-TIMING" Name="clock_timing_summary_pwropted.rpt"/>
  <File Type="PLACE-DCP" Name="clock_placed.dcp"/>
  <File Type="PLACE-IO" Name="clock_io_placed.rpt"/>
  <File Type="PLACE-CLK" Name="clock_clock_utilization_placed.rpt"/>
  <File Type="PLACE-UTIL" Name="clock_utilization_placed.rpt"/>
  <File Type="PLACE-UTIL-PB" Name="clock_utilization_placed.pb"/>
  <File Type="PLACE-CTRL" Name="clock_control_sets_placed.rpt"/>
  <File Type="PLACE-SIMILARITY" Name="clock_incremental_reuse_placed.rpt"/>
  <File Type="PLACE-PRE-SIMILARITY" Name="clock_incremental_reuse_pre_placed.rpt"/>
  <File Type="BG-BIN" Name="clock.bin"/>
  <File Type="PLACE-TIMING" Name="clock_timing_summary_placed.rpt"/>
  <File Type="ROUTE-PWR-RPX" Name="clock_power_routed.rpx"/>
  <File Type="PLACE-RQA-PB" Name="clock_rqa_placed.pb"/>
  <File Type="POSTPLACE-PWROPT-DCP" Name="clock_postplace_pwropt.dcp"/>
  <File Type="BITSTR-MSK" Name="clock.msk"/>
  <File Type="POSTPLACE-PWROPT-TIMING" Name="clock_timing_summary_postplace_pwropted.rpt"/>
  <File Type="PHYSOPT-DCP" Name="clock_physopt.dcp"/>
  <File Type="PHYSOPT-DRC" Name="clock_drc_physopted.rpt"/>
  <File Type="BITSTR-RBT" Name="clock.rbt"/>
  <File Type="PHYSOPT-TIMING" Name="clock_timing_summary_physopted.rpt"/>
  <File Type="ROUTE-ERROR-DCP" Name="clock_routed_error.dcp"/>
  <File Type="ROUTE-DCP" Name="clock_routed.dcp"/>
  <File Type="ROUTE-BLACKBOX-DCP" Name="clock_routed_bb.dcp"/>
  <File Type="ROUTE-DRC" Name="clock_drc_routed.rpt"/>
  <File Type="ROUTE-DRC-PB" Name="clock_drc_routed.pb"/>
  <File Type="ROUTE-DRC-RPX" Name="clock_drc_routed.rpx"/>
  <File Type="ROUTE-METHODOLOGY-DRC" Name="clock_methodology_drc_routed.rpt"/>
  <File Type="ROUTE-METHODOLOGY-DRC-RPX" Name="clock_methodology_drc_routed.rpx"/>
  <File Type="ROUTE-METHODOLOGY-DRC-PB" Name="clock_methodology_drc_routed.pb"/>
  <File Type="ROUTE-RQS-PB" Name="clock_rqs_routed.pb"/>
  <File Type="ROUTE-STATUS" Name="clock_route_status.rpt"/>
  <File Type="ROUTE-STATUS-PB" Name="clock_route_status.pb"/>
  <File Type="ROUTE-TIMINGSUMMARY" Name="clock_timing_summary_routed.rpt"/>
  <File Type="ROUTE-TIMING-PB" Name="clock_timing_summary_routed.pb"/>
  <File Type="ROUTE-TIMING-RPX" Name="clock_timing_summary_routed.rpx"/>
  <File Type="ROUTE-SIMILARITY" Name="clock_incremental_reuse_routed.rpt"/>
  <File Type="ROUTE-CLK" Name="clock_clock_utilization_routed.rpt"/>
  <File Type="ROUTE-BUS-SKEW" Name="clock_bus_skew_routed.rpt"/>
  <File Type="ROUTE-BUS-SKEW-PB" Name="clock_bus_skew_routed.pb"/>
  <File Type="ROUTE-BUS-SKEW-RPX" Name="clock_bus_skew_routed.rpx"/>
  <File Type="POSTROUTE-PHYSOPT-DCP" Name="clock_postroute_physopt.dcp"/>
  <File Type="POSTROUTE-PHYSOPT-BLACKBOX-DCP" Name="clock_postroute_physopt_bb.dcp"/>
  <File Type="POSTROUTE-PHYSOPT-TIMING" Name="clock_timing_summary_postroute_physopted.rpt"/>
  <File Type="POSTROUTE-PHYSOPT-TIMING-PB" Name="clock_timing_summary_postroute_physopted.pb"/>
  <File Type="POSTROUTE-PHYSOPT-TIMING-RPX" Name="clock_timing_summary_postroute_physopted.rpx"/>
  <File Type="POSTROUTE-PHYSOPT-BUS-SKEW" Name="clock_bus_skew_postroute_physopted.rpt"/>
  <File Type="BG-BIT" Name="clock.bit"/>
  <File Type="POSTROUTE-PHYSOPT-BUS-SKEW-PB" Name="clock_bus_skew_postroute_physopted.pb"/>
  <File Type="POSTROUTE-PHYSOPT-BUS-SKEW-RPX" Name="clock_bus_skew_postroute_physopted.rpx"/>
  <File Type="BITSTR-NKY" Name="clock.nky"/>
  <File Type="BITSTR-BMM" Name="clock_bd.bmm"/>
  <File Type="PDI-FILE" Name="clock.pdi"/>
  <File Type="BOOT-PDI-FILE" Name="clock_soc.pdi"/>
  <File Type="PL-PDI-FILE" Name="clock_pld.pdi"/>
  <File Type="RCFI_FILE" Name="clock.rcfi"/>
  <File Type="CFI_FILE" Name="clock.cfi"/>
  <File Type="RNPI_FILE" Name="clock.rnpi"/>
  <File Type="NPI_FILE" Name="clock.npi"/>
  <File Type="RBD_FILE" Name="clock.rbd"/>
  <File Type="BITSTR-LTX" Name="debug_nets.ltx"/>
  <File Type="BITSTR-LTX" Name="clock.ltx"/>
  <File Type="BITSTR-SYSDEF" Name="clock.sysdef"/>
  <File Type="BG-BGN" Name="clock.bgn"/>
  <File Type="BG-DRC" Name="clock.drc"/>
  <File Type="RDI-RDI" Name="clock.vdi"/>
  <File Type="WBT-USG" Name="usage_statistics_webtalk.html"/>
  <File Type="ROUTE-RQS" Name="clock_routed.rqs"/>
  <File Type="POSTROUTE-PHYSOPT-RQS" Name="clock_postroute_physopted.rqs"/>
  <File Type="ROUTE-RQS-RPT" Name="route_report_qor_suggestions_0.rpt"/>
  <File Type="POSTROUTE-PHYSOPT-RQS-RPT" Name="postroute_physopt_report_qor_suggestions_0.rpt"/>
  <FileSet Name="sources" Type="DesignSrcs" RelSrcDir="$PSRCDIR/sources_1" RelGenDir="$PGENDIR/sources_1">
    <Filter Type="Srcs"/>
    <File Path="$PSRCDIR/sources_1/new/display.vhd">
      <FileInfo>
        <Attr Name="UsedIn" Val="synthesis"/>
        <Attr Name="UsedIn" Val="simulation"/>
      </FileInfo>
    </File>
    <Config>
      <Option Name="DesignMode" Val="RTL"/>
      <Option Name="TopModule" Val="clock"/>
      <Option Name="TopAutoSet" Val="TRUE"/>
    </Config>
  </FileSet>
  <FileSet Name="constrs_in" Type="Constrs" RelSrcDir="$PSRCDIR/constrs_1" RelGenDir="$PGENDIR/constrs_1">
    <Filter Type="Constrs"/>
    <File Path="$PSRCDIR/constrs_1/new/wad.xdc">
      <FileInfo>
        <Attr Name="UsedIn" Val="synthesis"/>
        <Attr Name="UsedIn" Val="implementation"/>
      </FileInfo>
    </File>
    <Config>
      <Option Name="TargetConstrsFile" Val="$PSRCDIR/constrs_1/new/wad.xdc"/>
      <Option Name="ConstrsType" Val="XDC"/>
    </Config>
  </FileSet>
  <FileSet Name="utils" Type="Utils" RelSrcDir="$PSRCDIR/utils_1" RelGenDir="$PGENDIR/utils_1">
    <Filter Type="Utils"/>
    <File Path="$PSRCDIR/utils_1/imports/synth_1/clock.dcp">
      <FileInfo>
        <Attr Name="UsedIn" Val="synthesis"/>
        <Attr Name="UsedIn" Val="implementation"/>
        <Attr Name="UsedInSteps" Val="synth_1"/>
        <Attr Name="AutoDcp" Val="1"/>
      </FileInfo>
    </File>
    <Config>
      <Option Name="TopAutoSet" Val="TRUE"/>
    </Config>
  </FileSet>
  <Strategy Version="1" Minor="2">
    <StratHandle Name="Vivado Implementation Defaults" Flow="Vivado Implementation 2023"/>
    <Step Id="init_design"/>
    <Step Id="opt_design"/>
    <Step Id="power_opt_design"/>
    <Step Id="place_design"/>
    <Step Id="post_place_power_opt_design"/>
    <Step Id="phys_opt_design"/>
    <Step Id="route_design"/>
    <Step Id="post_route_phys_opt_design"/>
    <Step Id="write_bitstream"/>
  </Strategy>
</GenRun>
